"time","x_zero"
0,0.5235987755982987
0,0.5235987755982987
