"time","x_zero"
0,0.523598775598299
0,0.523598775598299
