"time","x_zero"
0,0.52359877559829859
0,0.52359877559829859
